{"graph": {"_type": "graph-file", "path": "media/graph/graph_summary_b264b7d2.graph.json", "sha256": "b264b7d2576f4d57a18a2eacea692e14b079ac956ab18a674875c3feedd70fc6", "size": 6299}, "val_loss": 0.007905513199452822, "_runtime": 43428.47810077667, "_timestamp": 1586053419.0164933, "precision": 0.19454734027385712, "val_precision": 0.20119549334049225, "val_recall": 0.5896368622779846, "_step": 12, "loss": 0.0071963961232725145, "recall": 0.6799452304840088, "epoch": 11, "best_loss": 0.007176712748988702, "best_epoch": 10, "Full Heatmap": {"_type": "image-file", "path": "media/images/Full Heatmap_12_9b275177.png", "sha256": "9b27517769c447a944ac837b198d00b744cf24fafa19ba5b202cd54b41d09a5c", "size": 202469, "format": "png", "width": 600, "height": 600}}
