{"graph": {"_type": "graph-file", "path": "media/graph/graph_summary_b264b7d2.graph.json", "sha256": "b264b7d2576f4d57a18a2eacea692e14b079ac956ab18a674875c3feedd70fc6", "size": 6299}, "recall": 0.5571690201759338, "precision": 0.17098641395568848, "val_precision": 0.13713975250720978, "_step": 19, "_runtime": 72200.64121603966, "epoch": 19, "val_loss": 0.009246055140788785, "val_recall": 0.5190050005912781, "_timestamp": 1586008926.1361141, "loss": 0.008621060909361222, "best_loss": 0.007226830789462935, "best_epoch": 9}
