{"graph": {"_type": "graph-file", "path": "media/graph/graph_summary_b264b7d2.graph.json", "sha256": "b264b7d2576f4d57a18a2eacea692e14b079ac956ab18a674875c3feedd70fc6", "size": 6299}, "val_loss": 0.013440294302999973, "_timestamp": 1585839173.3751066, "loss": 0.013252969160676002, "val_BinaryAccuracy": 0.9978659749031067, "val_normKPMs": 44.86502277538298, "epoch": 4, "BinaryAccuracy": 0.9978026747703552, "_step": 5, "_runtime": 528.8197860717773, "best_loss": 0.013252969160676002, "best_epoch": 4, "Full Heatmap": {"_type": "image-file", "path": "media/images/Full Heatmap_5_2c3d060c.png", "sha256": "2c3d060cba6a65811211dd167671b82bc627e3e5e8604827eb5a87d1db6a56a7", "size": 269127, "format": "png", "width": 600, "height": 600}}
