{"graph": {"_type": "graph-file", "path": "media/graph/graph_summary_b264b7d2.graph.json", "sha256": "b264b7d2576f4d57a18a2eacea692e14b079ac956ab18a674875c3feedd70fc6", "size": 6299}, "val_recall": 0.033661678433418274, "_runtime": 29.899216890335083, "_timestamp": 1585936608.4416375, "val_loss": 0.08124835416674614, "precision": 0.0014437767677009106, "val_precision": 0.0003188769333064556, "loss": 0.20075810514390469, "epoch": 1, "recall": 0.14001457393169403, "_step": 2, "best_loss": 0.20075810514390469, "best_epoch": 1, "Full Heatmap": {"_type": "image-file", "path": "media/images/Full Heatmap_2_54b3ef21.png", "sha256": "54b3ef21ee7a42d52dacb537c1b6fd332dd06a748148bc9f8c737902eaa94ed7", "size": 154139, "format": "png", "width": 600, "height": 600}}
