{"graph": {"_type": "graph-file", "path": "media/graph/graph_summary_b264b7d2.graph.json", "sha256": "b264b7d2576f4d57a18a2eacea692e14b079ac956ab18a674875c3feedd70fc6", "size": 6299}, "epoch": 9, "val_recall": 0.6078515648841858, "precision": 0.17001472413539886, "_runtime": 12568.420249938965, "val_loss": 0.008164888058478634, "val_precision": 0.15900391340255737, "recall": 0.6226428747177124, "_step": 9, "loss": 0.008018323897931114, "_timestamp": 1585934425.4943304, "best_loss": 0.008018323897931114, "best_epoch": 9}
