{"graph": {"_type": "graph-file", "path": "media/graph/graph_summary_b264b7d2.graph.json", "sha256": "b264b7d2576f4d57a18a2eacea692e14b079ac956ab18a674875c3feedd70fc6", "size": 6299}, "loss": 0.012864002692401719, "val_loss": 0.012663943868290672, "epoch": 2, "_step": 2, "_timestamp": 1585919157.839201, "Precision": 0.0, "_runtime": 745.7093994617462, "val_Recall": 0.0, "val_Precision": 0.0, "Recall": 0.0, "best_loss": 0.012864002692401719, "best_epoch": 2}
